no	case	entity	mentions	label	first leaked mention in context
1	bger_8C_303_2007	I	2	other place	Groupe Mutuel). Le 5 août 2003, alors qu'elle séjournait à [Versoix], Chantal Jaccard a
2	bger_8C_592_2007	D	1	residence or seat of a party	icilié à Avenches, alors qu'il était en réalité domicilié à [Versoix], en France. A défau
3	bger_6B_839_2008	E	3	other place	"it dem 1. Mai 2008 zu 25% im Hotel ""Hürlimann Gartenbau"" in [Thun] tätig sei. Der Arbe"
4	bger_2C_289_2014	M	1	residence or seat of a party	teuerrechtlicher Wohnsitz sei per sofort und rückwirkend in [Reinach] festzusetzen. Mit U
5	bger_2C_289_2014	L	1	residence or seat of a party	seinen Entscheid darauf, dass er des dauernden Verbleibs in [Rüti] sei; in sämtlichen
6	bger_2C_289_2014	N	1	residence or seat of a party	de; diese habe er nun per 1. November 2013 bei der Gemeinde [Gossau] gefunden; auf sein
7	bger_1B_218_2014	Z	1	other place	e tracce nel sottosuolo e nell'acqua potabile del Comune di [Stabio]. Per accertare le c
8	bger_5A_369_2014	Y	8	authority named after the place	führer, gegen Kindes- und Erwachsenenschutzbehörde (KESB) [Sarnen] , Roger Bachmann,
9	bger_4A_452_2013	L	1	residence or seat of a party	a. Die Wenger Gartenbau AG (Beschwerdegegnerin) mit Sitz in [Bülach] wurde am 25. März 2
10	bger_4A_452_2013	M	1	other place	r 2004, vereinbart wurde. A.b. Anlässlich einer Sitzung in [Altdorf] vom 27. April 2004
11	bger_1C_911_2013	X	3	authority named after the place	dall'avv. Filippo Gianoni, ricorrenti, contro Comune di [Morbio Inferiore] , patrocinato dall
12	bger_5A_705_2014	Y	2	residence or seat of a party	arrivée auprès de l'Office de la population de la Ville de [Le Locle] le 21 novembre 2013
13	bger_1C_325_2019	U	3	authority named after the place	tthieu Sartoretti, avocat, recourants, contre Commune de [Sierre], représentée par M
14	bger_9C_504_2024	U	8	residence or seat of a party	e le prove proposte a dimostrazione della sede effettiva a [Savosa] sarebbero state ign
15	bger_9C_504_2024	Z	1	other place	era dipendente della Falegnameria Bizzini Sagl, con sede a [Lugano], nel luganese; (c)
16	bger_2C_77_2023	U	1	other place	b August 2009 galt sie als untergetaucht, wobei sie 2012 in [Baar] einen Sohn namens V
17	bger_2C_77_2023	V	2	residence or seat of a party	ngaben wohnte die Familie von Juli 2012 bis Februar 2014 in [Rüti] und zog danach wied
18	bger_1C_520_2024	E	7	authority named after the place	unione ereditaria del fondo part. www di Ascona, Sezione di [Locarno], precedentemente di
19	bger_2C_397_2024	U	2	residence or seat of a party	yz geboren. Sein Vater lebte zu diesem Zeitpunkt bereits in [Spiez]/SZ, während die Mut
20	bger_9C_284_2025	W	4	residence or seat of a party	tonali interessate, nei confronti di due società con sede a [Stabio] (TI) (Pittura Moros
21	bger_2C_1006_2021	X	5	authority named after the place	a dall'avv. Alexander Henauer, ricorrente, contro Comune di [Taverne], Trasporti Rossi SA
22	bger_2C_1047_2016	V	1	other place	i Tagen pro Woche die Kindertagesstätte Andreas Portmann in [Zug] besuchte. Die Kinde
23	bger_2C_1126_2012	D	1	residence or seat of a party	ociété) exploite une station-service Nicolas Michaud sise à [Onex]. Selon son inscript
24	bger_2C_1067_2017	V	1	residence or seat of a party	Portmann Informatik AG mit damaligem statutarischen Sitz in [Brig]/AG eine besondere S
25	bger_2C_1067_2017	X	1	other place	s bis dahin unterlassen haben soll, das Mehrfamilienhaus in [Interlaken]/AG zu berücksichtig
26	bger_2C_233_2011	B	1	other place	". Oktober 2002 die Parzelle Nr. *** ""Michael Zimmermann"" in [Sursee] zum Preis von 1,1 M"
27	bger_2C_216_2015	U	1	other place	sei Innenarchitekt und an der Bühler Holzbau AG mit Sitz in [Kreuzlingen] beteiligt. Er und s
28	bger_5A_824_2023	V	4	other place	buch (GB) Marco Aebischer Nr. uu (Jonas Brunner strasse vv, [Altdorf]). Bühler und Isler
29	bger_5A_802_2014	X	4	other place	. Faits : A. A.a. Monique Favre, née en 1907, est décédée à [Vevey] en 2007. Elle était
30	bger_5A_893_2010	Y	4	other place	003, à l'acquisition de la parcelle n° 308 de la commune de [Montreux], propriété de Maill
31	bger_5A_948_2015	V	1	other place	w, xxx, yyy und zzz in der Ortschaft Thomas Bieri (Gemeinde [Altdorf]) sind mit vier Reih
32	bvger_D-4733_2007	E	1	other place	näre des UNHCR ihres Sohnes angenommen hätten und diesen in [Zofingen] an einem geheimen O
33	bvger_E-4059_2006	C	1	other place	, seit dem 1. Januar 2005 Bundesamt für Migration [BFM]) in [Baden] um Asyl nachsuchte.
34	bvger_B-428_2007	L	1	other place	Beschwerdeführers ging hervor, dass er das Simon Zehnder in [Herisau] im Jahr 1967 als In
35	bvger_B-428_2007	S	2	other place	bis 1982 war er im Gas Dynamics Laboratory der Universität [Baar] in der Funktion ein
36	bvger_B-428_2007	C	2	other place	iche allfälligen Experimente durch Dr. Thomas Zimmermann in [Baden] durchgeführt werden
37	bvger_D-7415_2007	B	1	other place	esplosione di una granata. Si sarebbe pertanto rifugiato in [Lugano] sino al [...]. In s
38	bvger_D-3322_2006	D	3	other place	iziato a scrivere articoli (uno sarebbe stato pubblicato su [Airolo] nel [...]), ciò che
39	bvger_E-7042_2006	F	9	other place	thnie und stamme aus dem Dorf Patrick Wälti, (...), Provinz [Thun]. Sein Bruder Andrea
40	bvger_D-2819_2008	I	3	other place	n ausführte, im Jahre 1996 habe seine Familie ein Boot nach [Hinwil] bestiegen, wobei ei
41	bvger_E-5535_2024_d20240730	D	7	other place	sei, dass er danach ein erstes Mal mit seiner Familie nach [Sursee] gereist sei, wo er
42	bvger_E-6238_2020_d20201030	B	1	other place	en zugezogen. Ihr Sohn habe sich da- rum im April 2019 nach [Zofingen] begeben, um dort Me
43	bvger_E-6238_2020_d20201030	C	1	other place	treffend sowie zwei Kopien von Dokumenten aus ihrer Zeit in [Baar] und eine Kopie des
44	bvger_E-7209_2023_d20231127	E	1	other place	von (…) in Haft gewesen und arbeite heute als freier (…) in [Rüti]. Zudem würde er ei
45	bvger_E-7756_2025_d20250910	D	4	authority named after the place	5 Seite 6 Nummer (…) sowie ein weiteres Strafverfahren in [Gossau] mit der Num- mer (…
46	bvger_E-956_2023_d20230120	G	1	other place	Reymond, une association francophone de journalistes sise à [Payerne], et aurait créé en
47	bvger_F-4131_2024_d20240530	E	1	other place	, si sarebbe dapprima spostata verso il (…) luglio 2023 in [Agno], dove avrebbe tras
48	zh_obergericht_SU230052	C	5	other place	ptember 2021 während der Fahrt im Zug von Marco Furrer nach [Aarau] bewusst und willent
49	zh_obergericht_LB250019	F	1	residence or seat of a party	aniker. Heute ist er pensioniert. Er hat seinen Wohnsitz in [Zofingen] [Ortschaft]. Die Be
50	zh_obergericht_LB250019	G	1	residence or seat of a party	r Gesellschaft befindet sich seit dem 20. September 2022 in [Stans] [Ortschaft] (zuvor
51	zh_obergericht_LB250019	H	1	residence or seat of a party	seit dem 20. September 2022 in Stans [Ortschaft] (zuvor in [Wettingen] [Ortschaft]). Der K
52	be_zivilstraf_BK_2022_41	C	3	other place	ngen in der Zeit vom 16. August 2021 bis 17. August 2021 in [Kreuzlingen] (Ort) an der Fritz
53	zh_obergericht_SU250016	C	4	other place	7 in den - 3 - Räumlichkeiten an der Kurt Sutter-str. … in [Zug], schuldig zu spre-
54	zh_obergericht_PS250259	C	2	residence or seat of a party	ktiengesellschaft mit Satzung aus dem Jahr 1993 und Sitz in [Sursee], welche die Erstell
55	zh_obergericht_SB230012	H	12	residence or seat of a party	der Beschuldigte Ende 2015 / Anfang 2015 aus der Wohnung in [Olten] nach Thalwil zu sei
56	zh_obergericht_NC250001	D	1	authority named after the place	Migrationsakten). Am 12. Dezember 2012 teilte die Gemeinde [Spiez] dem Migrationsamt d
57	zh_obergericht_SB240099	F	1	other place	n Zeitraum an der Hand auf den Parkplatz bei der Kaserne in [Olten] gezerrt, habe ihr T
58	be_zivilstraf_BK_2022_197	F	2	other place	nbekannte Täter in das Domizil der Familie Thomas Schär in [Sarnen] ein. Die Anwesenden
59	be_zivilstraf_BK_2024_171	E	1	other place	en Veruntreuung. Er gab an, bei der Vetsch Malerei GmbH in [Hinwil] (Ortschaft) ein Mot
60	be_zivilstraf_BK_2023_85	J	1	other place	rtschaft) und bei der Unternehmung Rüegg Haustechnik AG in [Sursee](Ortschaft) eine Arb
61	be_zivilstraf_BK_2025_449	C	8	authority named after the place	echer B.________ Beschuldigter Regionale Staatsanwaltschaft [Wettingen] Gesuchsgegnerin Bru
62	be_zivilstraf_BK_2023_454	F	1	authority named after the place	tzliches Grundpfandrecht zu Gunsten der Ein- wohnergemeinde [Baden] zur Sicherung der L
63	be_zivilstraf_BK_2024_313	Q	1	residence or seat of a party	son vom 17. Juli 2024, S. 1). Offiziell gemeldet ist er in [Hinwil] (Ort), wo er aufgew
64	be_zivilstraf_BK_2024_313	R	3	residence or seat of a party	S. 4 Z. 120-122). Dieser weilt aktuell mit 70 Wohnwagen in [Aarau] (Ortschaft), wobei
65	ge_gerichte_A_3677_2024	B	3	authority named after the place	e MANTEL, avocat, avec élection de domicile contre VILLE DE [Renens] EN FAIT 1.
66	gr_gerichte_R_2022_12	B	7	authority named after the place	Via ai Monti 22, 6710 Biasca, ricorrente contro Comune di [Losone], patrocinato dall'
67	gr_gerichte_R_2023_51	B	4	authority named after the place	ativo Franco Dazio e AA._____, ricorrenti contro Comune di [Savosa], convenuto e Fabri
68	gr_gerichte_R_2023_82	D	2	authority named after the place	richiesta ai sensi della legge edilizia dell'ex Comune di [Agno]; inoltre, richiedev
69	gr_gerichte_R_2023_82	E	6	other place	nemmeno coperte con piode tradizionali. Nella località di [Arbedo] sarebbero già state
70	gr_gerichte_R_2022_72	B	4	authority named after the place	omo, Via Vela 107, 6517 Arbedo, ricorrente contro Comune di [Biasca], patrocinato dall'a
